12/13,55861123337689084534
12/14,5586112334
12/15,5586112335
12/16,5586112336
12/17,5586112337
12/18,5586112338
12/19,5586112339
12/20,5586112340
12/21,5586112341
12/22,5586112342
12/23,5586112343
12/24,5586112344
12/25,5586112345
12/26,5586112346
12/27,5586112347
12/28,5586112348
12/29,5586112349
12/30,5586112350
12/31,5586112351
1/1,5586112352
1/2,5586112353
1/3,5586112354
1/4,5586112355
1/5,5586112356
1/6,5586112357
1/7,5586112358
1/8,5586112359
1/9,5586112360
1/10,5586112361
1/11,5586112362
1/12,5586112363
1/13,5586112364
1/14,5586112365
1/15,5586112366
1/16,5586112367
1/17,5586112368
1/18,5586112369
1/19,5586112370
1/20,5586112371
1/21,5586112372
1/22,5586112373
1/23,5586112374
1/24,5586112375
1/25,5586112376
1/26,5586112377
1/27,5586112378
1/28,5586112379
1/29,5586112380
1/30,5586112381
1/31,5586112382
2/1,5586112383
2/2,5586112384
2/3,5586112385
2/4,5586112386
2/5,5586112387
2/6,5586112388
2/7,5586112389
2/8,5586112390
2/9,5586112391
2/10,5586112392
2/11,5586112393
2/12,5586112394
2/13,5586112395
2/14,5586112396
2/15,5586112397
2/16,5586112398
2/17,5586112399
2/18,5586112400